customer_id,transaction_count,total_spend
12347.0,6,433.19
12348.0,4,360.0
12349.0,1,749.45
12350.0,1,40.0
12352.0,7,1519.7
12353.0,1,59.7
12354.0,1,252.0
12355.0,1,45.4
12356.0,3,1066.83
12357.0,1,1499.55
12358.0,2,1061.2
12359.0,4,3588.2
12360.0,3,795.5
12361.0,1,15.0
12362.0,10,1232.4
12363.0,1,47.7
12364.0,4,159.6
12365.0,2,333.44
12367.0,1,18.0
12370.0,4,434.9
12371.0,2,503.35
12372.0,3,181.5
12373.0,1,40.0
12374.0,1,211.2
12375.0,2,111.8
12377.0,1,188.3
12378.0,1,621.95
12379.0,2,151.2
12380.0,4,645.0
12381.0,4,650.35
12383.0,5,467.6
12384.0,2,359.65
12386.0,1,98.4
12388.0,5,365.85
12390.0,1,118.7
12391.0,1,33.85
12394.0,2,211.9
12395.0,12,648.5
12397.0,2,695.3
12398.0,1,323.9
12399.0,4,75.0
12401.0,1,69.3
12402.0,1,30.0
12403.0,1,36.0
12405.0,1,650.7
12406.0,2,317.7
12407.0,5,434.2
12408.0,4,458.44
12409.0,2,2814.4
12410.0,2,419.1
12412.0,3,101.85
12413.0,3,266.45
12414.0,3,169.05
12415.0,11,18877.62
12417.0,9,1574.65
12418.0,1,269.2
12420.0,1,189.85
12421.0,4,270.0
12422.0,2,158.25
12423.0,8,341.55
12424.0,1,20.85
12425.0,1,42.5
12426.0,1,149.35
12427.0,3,357.55
12428.0,9,3241.85
12429.0,3,932.2
12430.0,1,87.8
12431.0,13,1593.8
12432.0,5,2187.5
12433.0,6,1100.75
12434.0,2,312.4
12435.0,2,5247.75
12436.0,1,178.1
12437.0,16,1697.3
12438.0,2,1255.85
12441.0,1,18.0
12442.0,1,28.0
12444.0,5,2964.6
12445.0,1,56.0
12446.0,1,284.3
12447.0,1,96.7
12448.0,1,165.5
12449.0,4,1360.45
12451.0,5,1171.7
12452.0,2,160.75
12453.0,1,62.7
12454.0,1,2197.54
12455.0,6,234.7
12456.0,3,1207.95
12457.0,6,984.15
12458.0,2,211.0
12461.0,2,439.15
12462.0,2,505.25
12463.0,4,215.4
12464.0,8,1135.55
12465.0,2,92.4
12468.0,2,143.65
12471.0,24,8070.45
12472.0,7,1100.25
12473.0,5,1547.22
12474.0,16,1042.05
12475.0,1,159.45
12476.0,11,3098.3
12477.0,6,5457.45
12478.0,1,231.75
12479.0,1,100.85
12480.0,4,673.0
12481.0,9,1513.6
12483.0,7,645.4
12484.0,6,1379.8
12488.0,2,368.1
12489.0,1,143.5
12490.0,10,700.5
12491.0,1,105.7
12492.0,2,36.0
12493.0,2,83.65
12494.0,6,344.35
12497.0,1,90.0
12498.0,2,89.7
12500.0,10,1028.45
12501.0,1,404.35
12502.0,5,2421.5
12504.0,2,422.05
12506.0,1,27.8
12507.0,2,277.5
12509.0,1,52.0
12510.0,2,375.2
12512.0,2,13.9
12513.0,1,92.25
12514.0,1,386.8
12515.0,1,228.6
12516.0,2,126.0
12517.0,5,375.15
12518.0,5,306.8
12519.0,1,88.0
12520.0,5,688.4
12521.0,1,100.65
12522.0,2,36.0
12523.0,10,491.7
12524.0,8,890.75
12526.0,3,242.2
12527.0,2,52.0
12528.0,6,886.25
12530.0,4,403.6
12531.0,1,29.95
12532.0,1,52.5
12534.0,1,290.8
12535.0,2,138.5
12536.0,3,8941.17
12538.0,1,105.2
12539.0,4,1728.85
12540.0,17,4692.95
12541.0,3,250.05
12544.0,1,87.8
12545.0,2,298.45
12546.0,2,180.4
12547.0,2,56.0
12548.0,1,28.0
12550.0,1,302.85
12552.0,2,291.1
12553.0,9,638.25
12556.0,2,131.15
12559.0,1,78.5
12560.0,3,347.05
12561.0,1,45.3
12562.0,7,801.75
12564.0,1,138.6
12565.0,1,10.98
12566.0,1,110.8
12567.0,10,2920.3
12569.0,32,1418.8
12572.0,2,359.6
12573.0,1,9.95
12574.0,1,55.9
12576.0,2,71.8
12577.0,2,106.6
12578.0,2,652.05
12579.0,1,111.3
12580.0,1,36.0
12581.0,1,27.95
12582.0,2,160.0
12583.0,15,1036.65
12584.0,9,1341.9
12585.0,2,644.85
12586.0,1,23.1
12587.0,1,40.0
12588.0,1,135.25
12589.0,2,229.4
12590.0,2,1550.86
12591.0,1,129.75
12592.0,2,36.0
12593.0,1,36.0
12594.0,6,278.35
12596.0,2,220.8
12597.0,4,1223.1
12598.0,7,591.65
12599.0,7,144.0
12600.0,10,1716.0
12601.0,5,162.8
12602.0,1,23.9
12603.0,1,739.2
12604.0,1,18.0
12607.0,1,98.55
12609.0,3,298.65
12610.0,5,650.25
12611.0,1,193.2
12612.0,1,265.35
12613.0,4,415.2
12614.0,1,136.35
12615.0,4,535.5
12616.0,2,326.5
12617.0,1,19.9
12618.0,1,73.75
12619.0,9,891.58
12620.0,3,93.25
12621.0,18,2940.05
12622.0,1,56.25
12623.0,1,36.0
12624.0,2,201.9
12625.0,2,722.3
12626.0,9,1456.85
12627.0,7,684.3
12628.0,3,139.4
12630.0,2,383.65
12631.0,1,280.2
12633.0,4,547.1
12635.0,2,297.25
12637.0,6,1091.71
12638.0,1,172.5
12639.0,1,160.8
12640.0,3,596.4
12641.0,1,57.0
12642.0,3,174.55
12643.0,5,301.0
12644.0,1,46.75
12645.0,4,144.0
12646.0,1,78.05
12647.0,12,1161.95
12648.0,1,95.45
12649.0,2,54.0
12650.0,1,72.0
12651.0,1,17.85
12652.0,1,187.7
12653.0,2,801.0
12654.0,4,102.65
12656.0,5,951.35
12657.0,4,674.1
12658.0,1,233.95
12659.0,1,18.0
12660.0,1,53.7
12662.0,10,590.6
12664.0,9,490.0
12665.0,1,18.0
12667.0,1,209.9
12668.0,4,1075.05
12669.0,3,1416.55
12670.0,5,603.6
12672.0,1,81.45
12673.0,2,110.5
12674.0,4,475.68
12676.0,6,468.9
12678.0,10,1425.1
12679.0,4,271.2
12680.0,4,129.8
12681.0,22,3059.25
12682.0,30,3484.85
12683.0,13,2090.5
12684.0,7,227.0
12685.0,6,429.6
12686.0,1,18.0
12688.0,1,1063.95
12689.0,2,252.4
12690.0,1,202.9
12691.0,6,216.0
12693.0,4,415.1
12694.0,2,387.95
12695.0,4,330.5
12697.0,3,200.0
12700.0,4,825.25
12701.0,2,151.2
12702.0,1,35.85
12703.0,1,18.0
12704.0,8,989.0
12705.0,9,1611.75
12707.0,1,227.6
12708.0,10,615.8
12709.0,13,4297.4
12710.0,3,248.5
12712.0,13,2938.1
12713.0,1,125.7
12714.0,5,951.1
12715.0,1,80.0
12716.0,2,126.9
12717.0,2,311.7
12718.0,1,73.75
12719.0,2,164.25
12720.0,16,1245.15
12721.0,6,559.15
12722.0,4,216.93
12723.0,5,148.55
12724.0,4,138.35
12725.0,1,67.9
12726.0,7,198.0
12727.0,7,1556.5
12728.0,4,230.2
12729.0,1,106.2
12731.0,11,5147.7
12732.0,1,18.0
12733.0,1,133.05
12735.0,2,440.2
12736.0,1,90.0
12738.0,1,44.95
12739.0,2,459.6
12740.0,1,48.8
12743.0,2,181.6
12744.0,7,15097.4
12747.0,11,2239.1
12748.0,126,7601.05
12749.0,4,1534.55
12750.0,1,90.9
12752.0,1,801.3
12753.0,4,2395.05
12755.0,1,15.9
12757.0,9,3962.5
12758.0,1,63.6
12759.0,3,254.75
12762.0,2,300.18
12764.0,1,996.85
12766.0,7,1285.2
12769.0,1,453.6
12770.0,1,488.05
12772.0,1,290.65
12775.0,5,283.3
12778.0,6,188.5
12779.0,8,1073.85
12781.0,1,40.0
12782.0,5,595.1
12783.0,6,1281.04
12784.0,2,97.6
12785.0,1,72.95
12787.0,3,45.0
12789.0,1,91.85
12790.0,1,125.5
12791.0,1,15.0
12792.0,1,70.95
12793.0,2,84.0
12794.0,2,37.75
12795.0,1,285.85
12797.0,1,119.3
12802.0,1,65.7
12808.0,2,37.95
12809.0,1,169.7
12811.0,3,74.9
12814.0,1,40.0
12815.0,2,457.4
12816.0,2,336.85
12817.0,1,40.0
12818.0,1,479.6
12821.0,1,17.0
12822.0,1,89.8
12823.0,5,1759.5
12824.0,1,80.7
12826.0,3,22.5
12828.0,4,112.5
12829.0,2,206.0
12831.0,1,25.5
12832.0,2,64.1
12833.0,1,182.0
12834.0,1,135.1
12836.0,4,1243.0
12837.0,1,87.75
12838.0,2,102.6
12839.0,9,230.2
12840.0,1,47.6
12841.0,19,695.15
12842.0,1,172.55
12843.0,6,363.2
12844.0,2,81.15
12845.0,1,34.85
12847.0,1,32.4
12849.0,2,206.7
12851.0,1,26.9
12852.0,1,47.4
12853.0,5,826.2
12854.0,3,287.15
12856.0,6,181.85
12857.0,2,471.6
12863.0,1,340.0
12865.0,2,245.45
12866.0,1,214.2
12867.0,2,55.65
12868.0,4,123.95
12871.0,1,15.3
12872.0,2,85.1
12873.0,1,68.0
12876.0,2,354.6
12877.0,6,197.75
12878.0,1,33.75
12881.0,1,241.7
12882.0,2,1278.6
12883.0,3,324.8
12884.0,1,246.65
12885.0,2,198.0
12886.0,2,342.75
12888.0,1,166.2
12890.0,1,8.25
12895.0,1,37.75
12901.0,4,361.5
12902.0,1,50.9
12904.0,2,145.75
12906.0,4,202.55
12909.0,4,830.75
12912.0,1,99.0
12913.0,5,329.25
12915.0,2,162.6
12916.0,4,995.95
12919.0,5,247.2
12920.0,1,47.8
12921.0,21,1168.95
12922.0,1,32.7
12923.0,1,25.85
12924.0,3,92.1
12925.0,2,44.0
12928.0,1,46.0
12929.0,1,82.6
12930.0,2,57.6
12931.0,2,3350.7
12933.0,2,54.5
12935.0,5,173.1
12936.0,1,50.0
12937.0,3,162.35
12940.0,2,393.9
12942.0,3,310.05
12944.0,2,84.7
12945.0,1,158.55
12947.0,5,289.2
12948.0,4,223.25
12949.0,5,816.45
12951.0,6,230.05
12952.0,4,344.25
12953.0,1,155.25
12955.0,3,119.4
12956.0,1,39.35
12957.0,7,507.95
12962.0,2,43.35
12963.0,5,251.1
12965.0,1,318.65
12966.0,1,12.5
12967.0,1,514.5
12968.0,1,9.95
12970.0,2,99.15
12971.0,31,1770.15
12974.0,1,121.2
12977.0,1,34.95
12980.0,8,4962.9
12982.0,1,17.85
12985.0,1,56.1
12987.0,2,226.55
12988.0,1,305.2
12989.0,11,3096.76
12991.0,1,95.2
12994.0,3,227.6
12997.0,4,292.5
12999.0,3,127.5
13000.0,2,57.65
13001.0,10,575.95
13002.0,1,9.95
13003.0,1,17.85
13004.0,15,595.75
13005.0,2,208.25
13006.0,1,70.05
13011.0,1,17.85
13012.0,5,276.15
13013.0,9,744.7
13014.0,10,2040.75
13015.0,4,887.6
13016.0,2,121.05
13018.0,14,684.95
13021.0,8,611.8
13023.0,2,266.55
13029.0,3,1131.0
13030.0,2,255.85
13032.0,2,333.75
13033.0,1,17.85
13034.0,1,14.95
13037.0,3,205.55
13038.0,1,96.8
13040.0,2,48.2
13043.0,1,187.6
13044.0,1,228.25
13046.0,2,245.3
13047.0,8,897.95
13048.0,2,25.5
13049.0,1,141.7
13050.0,16,1091.0
13052.0,1,97.4
13055.0,2,155.05
13058.0,3,108.05
13059.0,1,97.75
13060.0,1,81.45
13061.0,1,100.05
13062.0,1,234.3
13064.0,4,335.95
13065.0,1,67.45
13066.0,2,136.45
13067.0,1,23.85
13069.0,10,503.25
13077.0,3,55.25
13078.0,23,3117.2
13079.0,3,154.7
13081.0,9,4023.4
13082.0,3,178.15
13083.0,2,67.95
13085.0,2,97.6
13089.0,65,12215.8
13090.0,12,4415.46
13092.0,3,238.6
13093.0,7,2397.65
13097.0,10,2365.27
13098.0,26,6342.2
13101.0,1,9.95
13102.0,11,812.2
13103.0,1,143.7
13107.0,3,211.0
13108.0,1,102.0
13109.0,2,74.05
13110.0,6,645.75
13113.0,20,6221.15
13115.0,2,195.9
13116.0,1,263.4
13117.0,3,133.35
13118.0,4,346.83
13121.0,1,8.25
13122.0,1,164.45
13124.0,3,819.25
13126.0,6,236.2
13127.0,1,32.7
13131.0,2,392.5
13132.0,1,17.0
13133.0,1,29.85
13134.0,3,365.3
13136.0,4,440.4
13137.0,7,207.55
13138.0,4,87.3
13139.0,5,1131.6
13140.0,3,97.6
13141.0,4,230.7
13142.0,1,65.55
13144.0,1,63.75
13145.0,1,295.0
13148.0,9,1059.0
13149.0,3,335.2
13151.0,1,503.2
13155.0,3,146.55
13157.0,2,80.5
13158.0,1,13.5
13159.0,3,262.45
13160.0,1,15.9
13161.0,1,54.9
13162.0,2,88.85
13166.0,1,67.6
13167.0,4,236.35
13168.0,4,266.35
13169.0,1,448.8
13170.0,1,6.75
13171.0,3,219.6
13173.0,2,53.55
13174.0,3,851.8
13176.0,1,92.15
13177.0,1,17.85
13178.0,5,238.4
13183.0,4,221.65
13184.0,5,93.4
13185.0,1,71.4
13186.0,2,236.45
13187.0,1,112.55
13188.0,1,15.0
13192.0,2,200.45
13193.0,1,38.2
13196.0,3,111.6
13198.0,5,196.71
13199.0,8,2441.9
13200.0,3,172.85
13203.0,2,49.9
13207.0,1,71.4
13208.0,5,182.85
13209.0,7,595.9
13211.0,2,59.95
13212.0,3,362.05
13213.0,3,197.8
13220.0,4,646.85
13221.0,2,327.5
13224.0,2,680.55
13225.0,2,1055.8
13226.0,1,22.7
13227.0,1,67.5
13229.0,1,37.8
13230.0,13,745.69
13232.0,6,432.2
13235.0,1,84.9
13236.0,1,136.05
13238.0,3,115.55
13240.0,4,163.05
13243.0,1,120.05
13244.0,1,39.85
13245.0,1,239.1
13246.0,3,83.45
13248.0,1,12.75
13249.0,1,51.75
13253.0,1,39.8
13255.0,2,111.05
13258.0,3,162.4
13259.0,1,45.9
13260.0,1,298.6
13261.0,1,574.5
13262.0,1,85.85
13263.0,29,921.7
13265.0,5,276.7
13266.0,3,166.45
13267.0,16,1078.85
13268.0,5,149.95
13269.0,10,668.7
13271.0,1,5.95
13272.0,1,84.4
13276.0,2,251.75
13278.0,1,38.75
13280.0,2,67.45
13282.0,3,472.7
13284.0,1,70.3
13285.0,3,235.3
13291.0,1,47.3
13292.0,2,130.25
13294.0,2,227.1
13295.0,1,32.9
13296.0,1,34.0
13297.0,2,481.08
13299.0,1,59.7
13300.0,1,23.0
13301.0,3,102.15
13302.0,1,63.75
13304.0,1,48.7
13305.0,8,664.05
13308.0,2,189.95
13309.0,4,150.45
13310.0,2,149.0
13311.0,1,103.55
13314.0,3,169.95
13316.0,4,129.6
13317.0,5,558.6
13318.0,2,151.9
13319.0,18,1506.75
13321.0,1,83.4
13322.0,1,19.45
13324.0,9,1900.65
13325.0,1,133.0
13327.0,6,478.63
13329.0,2,195.6
13330.0,2,43.95
13332.0,1,48.2
13334.0,3,448.3
13336.0,1,52.8
13338.0,1,280.5
13339.0,1,320.7
13340.0,3,1565.8
13341.0,1,190.15
13343.0,1,106.85
13344.0,3,945.65
13345.0,1,89.8
13347.0,1,50.0
13349.0,1,50.0
13350.0,2,390.85
13351.0,1,115.45
13352.0,1,81.8
13354.0,1,16.5
13355.0,1,129.8
13356.0,1,237.5
13357.0,1,127.0
13358.0,1,151.3
13359.0,1,167.6
13362.0,4,491.9
13363.0,2,160.55
13364.0,1,7.5
13365.0,2,564.75
13368.0,1,244.75
13369.0,1,81.8
13370.0,1,193.75
13372.0,1,142.35
13373.0,3,568.25
13375.0,1,148.65
13376.0,3,248.15
13379.0,2,78.2
13381.0,6,558.8
13382.0,1,25.85
13384.0,3,349.45
13385.0,1,198.95
13388.0,2,226.8
13389.0,3,186.3
13390.0,1,119.4
13391.0,1,59.8
13394.0,4,127.25
13395.0,1,70.2
13396.0,2,257.75
13397.0,3,262.6
13398.0,1,154.25
13402.0,2,69.7
13404.0,1,53.2
13405.0,3,244.8
13408.0,21,2559.86
13410.0,4,115.0
13411.0,1,34.95
13414.0,1,35.7
13416.0,2,171.7
13417.0,2,420.15
13418.0,9,1187.73
13420.0,1,72.25
13421.0,1,82.25
13422.0,1,365.4
13425.0,2,161.15
13426.0,4,555.9
13427.0,1,19.9
13428.0,1,47.85
13429.0,1,12.75
13430.0,2,91.8
13431.0,2,284.3
13435.0,5,297.45
13436.0,1,83.35
13437.0,6,1019.4
13439.0,1,23.6
13447.0,3,211.15
13448.0,4,575.75
13449.0,1,38.7
13451.0,4,335.9
13452.0,2,590.0
13453.0,2,147.1
13455.0,2,435.45
13456.0,5,243.0
13458.0,12,1185.5
13462.0,1,16.5
13464.0,1,103.45
13466.0,1,45.4
13467.0,2,268.55
13468.0,32,1720.45
13471.0,3,375.5
13473.0,2,177.8
13474.0,1,47.55
13475.0,3,239.8
13476.0,2,592.25
13477.0,5,257.65
13479.0,2,62.3
13481.0,3,165.0
13482.0,1,17.85
13484.0,1,313.8
13485.0,1,36.4
13486.0,3,147.05
13487.0,3,239.3
13488.0,11,2357.05
13491.0,10,299.05
13492.0,3,675.6
13493.0,2,145.5
13494.0,1,119.0
13495.0,1,23.8
13496.0,1,116.7
13497.0,1,65.7
13499.0,3,143.15
13500.0,3,230.75
13501.0,1,259.9
13502.0,1,19.9
13503.0,1,41.75
13504.0,1,35.45
13505.0,4,1296.75
13506.0,2,41.75
13507.0,4,572.7
13508.0,1,78.83
13509.0,1,15.0
13510.0,3,188.25
13512.0,1,94.1
13513.0,1,48.2
13514.0,1,39.9
13515.0,2,57.3
13516.0,3,41.0
13517.0,3,294.6
13518.0,1,77.8
13519.0,1,79.5
13520.0,6,671.8
13521.0,3,192.35
13522.0,1,35.7
13523.0,5,1627.0
13524.0,2,30.0
13525.0,1,23.9
13527.0,4,502.35
13529.0,2,140.4
13531.0,2,173.0
13532.0,1,12.7
13533.0,2,23.85
13534.0,18,807.85
13536.0,7,712.15
13538.0,7,1280.85
13539.0,3,188.75
13544.0,2,106.15
13546.0,3,93.95
13548.0,2,128.25
13549.0,5,176.6
13551.0,1,91.8
13552.0,9,1002.35
13555.0,3,440.2
13558.0,4,93.35
13560.0,1,17.85
13561.0,1,33.55
13562.0,3,553.05
13563.0,2,470.65
13564.0,3,904.74
13565.0,1,11.9
13566.0,1,72.55
13568.0,1,30.55
13569.0,2,105.8
13570.0,1,27.85
13571.0,5,114.1
13572.0,1,255.2
13573.0,1,63.3
13575.0,2,57.5
13576.0,10,515.2
13577.0,3,366.95
13579.0,2,133.7
13581.0,1,61.05
13583.0,1,45.7
13584.0,1,93.9
13587.0,1,365.4
13588.0,2,62.8
13589.0,2,149.0
13590.0,1,43.35
13591.0,2,361.4
13592.0,3,124.15
13593.0,4,767.85
13596.0,1,101.3
13598.0,1,52.35
13599.0,9,902.85
13600.0,1,100.5
13601.0,2,20.25
13603.0,1,47.4
13606.0,1,27.7
13607.0,1,150.85
13610.0,7,272.5
13611.0,2,147.45
13614.0,4,657.55
13615.0,1,85.35
13617.0,1,90.35
13623.0,4,320.4
13626.0,1,15.9
13627.0,5,186.1
13629.0,1,144.6
13630.0,2,82.8
13631.0,8,2850.42
13632.0,5,356.45
13634.0,5,600.4
13635.0,1,138.15
13636.0,5,332.15
13637.0,2,121.95
13638.0,1,25.5
13642.0,1,116.5
13643.0,1,51.0
13644.0,4,554.25
13645.0,1,19.9
13647.0,4,248.5
13649.0,1,96.15
13650.0,4,327.75
13651.0,2,44.4
13652.0,2,117.6
13654.0,4,343.95
13655.0,2,189.0
13656.0,1,19.9
13657.0,1,82.5
13658.0,4,996.5
13659.0,2,342.9
13662.0,3,223.3
13663.0,1,98.4
13666.0,2,27.9
13667.0,1,64.7
13668.0,19,1004.35
13669.0,1,12.75
13670.0,1,16.5
13672.0,2,81.0
13673.0,1,89.65
13680.0,3,134.7
13681.0,3,68.1
13682.0,1,25.5
13690.0,1,108.5
13692.0,2,93.8
13694.0,12,3024.96
13695.0,5,93.0
13699.0,1,238.5
13700.0,1,8.5
13703.0,1,99.5
13704.0,6,591.4
13705.0,1,188.8
13706.0,1,57.75
13707.0,2,229.5
13708.0,1,28.8
13709.0,11,1510.75
13711.0,2,91.3
13715.0,4,145.5
13717.0,5,145.15
13718.0,2,124.95
13719.0,3,176.9
13720.0,3,84.1
13721.0,1,71.05
13722.0,2,671.65
13723.0,1,79.5
13725.0,4,810.25
13727.0,1,65.55
13728.0,6,628.1
13730.0,2,206.65
13731.0,2,110.9
13735.0,4,1229.85
13736.0,2,165.85
13737.0,1,86.75
13739.0,1,125.1
13740.0,1,49.65
13741.0,3,307.25
13742.0,11,1692.5
13744.0,2,59.5
13747.0,1,79.6
13748.0,3,123.05
13750.0,3,197.85
13751.0,1,55.65
13752.0,5,194.25
13753.0,1,135.0
13754.0,1,43.8
13755.0,8,623.95
13756.0,3,278.75
13758.0,4,258.1
13759.0,1,61.9
13761.0,2,201.45
13764.0,3,262.45
13767.0,30,3462.65
13769.0,7,315.1
13771.0,3,177.95
13772.0,3,124.15
13774.0,1,30.85
13777.0,1,26.15
13778.0,1,54.5
13780.0,2,50.7
13781.0,1,73.2
13782.0,5,246.8
13784.0,5,656.85
13787.0,1,38.25
13792.0,1,30.35
13798.0,22,3271.6
13799.0,2,39.8
13800.0,1,85.2
13801.0,1,89.6
13802.0,3,742.5
13803.0,1,11.9
13804.0,6,341.85
13806.0,1,139.15
13807.0,1,58.0
13808.0,4,389.6
13809.0,1,94.75
13810.0,3,996.95
13811.0,3,814.5
13812.0,3,104.75
13813.0,4,512.95
13814.0,2,158.5
13815.0,3,595.0
13816.0,2,127.85
13817.0,2,54.0
13819.0,1,25.5
13821.0,2,95.1
13822.0,1,61.2
13823.0,2,319.75
13824.0,2,322.7
13826.0,1,87.2
13827.0,3,203.4
13831.0,5,597.05
13833.0,1,170.3
13835.0,4,187.4
13838.0,4,259.35
13842.0,9,977.2
13844.0,1,16.5
13846.0,3,167.6
13849.0,2,276.8
13850.0,1,116.5
13851.0,2,106.6
13853.0,1,464.9
13854.0,22,4188.4
13858.0,1,88.85
13859.0,1,64.6
13860.0,5,148.6
13862.0,2,51.0
13863.0,1,52.8
13865.0,3,112.25
13866.0,1,11.5
13867.0,3,399.2
13868.0,1,60.45
13869.0,4,751.7
13870.0,5,355.0
13871.0,12,1454.6
13873.0,3,110.55
13874.0,1,241.15
13875.0,4,120.8
13876.0,1,62.7
13878.0,1,428.15
13880.0,7,287.35
13881.0,10,1727.9
13882.0,3,342.2
13883.0,4,535.8
13884.0,5,153.35
13885.0,2,157.85
13886.0,1,37.5
13887.0,1,146.0
13888.0,2,137.35
13889.0,1,42.85
13890.0,4,191.6
13893.0,1,509.6
13894.0,1,30.6
13895.0,4,303.0
13898.0,1,17.0
13899.0,1,51.0
13900.0,3,120.7
13901.0,5,531.35
13908.0,3,196.65
13911.0,5,235.25
13914.0,2,31.25
13917.0,1,19.9
13918.0,1,19.9
13919.0,2,52.95
13922.0,1,91.55
13923.0,1,89.65
13924.0,3,179.7
13925.0,3,233.95
13926.0,1,73.75
13927.0,1,27.5
13928.0,4,245.8
13929.0,2,673.9
13930.0,1,23.0
13931.0,2,272.85
13932.0,1,123.5
13933.0,1,99.3
13934.0,1,179.65
13939.0,1,25.5
13940.0,3,147.95
13941.0,5,676.4
13947.0,1,13.5
13948.0,1,31.8
13949.0,3,54.15
13950.0,4,243.65
13951.0,3,152.65
13952.0,2,926.6
13953.0,2,65.4
13954.0,2,144.6
13955.0,2,96.15
13956.0,5,402.85
13959.0,3,109.25
13960.0,1,70.8
13962.0,2,87.45
13963.0,4,144.2
13967.0,1,35.7
13969.0,14,1226.78
13971.0,5,111.55
13972.0,1,27.4
13973.0,1,77.95
13974.0,1,17.85
13975.0,6,239.6
13976.0,1,111.3
13979.0,1,12.5
13980.0,1,77.3
13982.0,2,55.65
13983.0,8,1221.65
13985.0,4,122.3
13988.0,6,843.95
13989.0,2,86.15
13990.0,1,71.4
13991.0,1,5.75
13993.0,9,1773.65
13994.0,5,547.6
13995.0,5,123.4
13999.0,7,448.0
14001.0,3,239.4
14002.0,1,106.15
14004.0,5,752.95
14005.0,5,547.2
14006.0,1,51.65
14009.0,1,72.6
14012.0,1,65.4
14015.0,1,214.2
14016.0,4,1725.18
14019.0,2,49.4
14020.0,2,68.4
14021.0,2,210.7
14023.0,2,75.5
14024.0,1,29.25
14029.0,1,129.8
14030.0,8,888.2
14031.0,17,9034.7
14032.0,9,291.35
14034.0,2,139.7
14035.0,4,174.05
14036.0,1,207.15
14037.0,1,7.95
14040.0,10,1322.35
14044.0,4,213.8
14045.0,2,714.0
14047.0,4,696.1
14048.0,1,23.8
14049.0,4,719.95
14051.0,22,10139.55
14052.0,1,85.45
14055.0,1,109.75
14056.0,22,2538.9
14057.0,5,425.05
14060.0,5,256.2
14062.0,7,1150.8
14064.0,1,7.95
14066.0,1,73.95
14067.0,2,81.25
14068.0,1,57.5
14071.0,7,535.1
14073.0,1,11.5
14075.0,2,63.6
14076.0,1,22.9
14077.0,2,89.2
14078.0,6,672.05
14079.0,1,41.85
14081.0,2,250.15
14082.0,1,31.8
14083.0,6,283.65
14085.0,11,590.7
14088.0,10,24246.81
14089.0,1,16.5
14092.0,9,372.65
14093.0,1,23.8
14096.0,16,34246.7
14099.0,9,473.3
14100.0,1,47.7
14102.0,3,89.5
14104.0,2,146.5
14105.0,1,273.75
14107.0,6,677.1
14108.0,2,91.25
14109.0,1,13.3
14110.0,2,216.85
14111.0,2,53.1
14112.0,6,208.65
14113.0,1,25.0
14114.0,2,207.75
14116.0,5,394.95
14121.0,3,286.45
14125.0,3,374.25
14126.0,1,29.95
14127.0,3,233.7
14128.0,1,12.5
14129.0,3,69.0
14130.0,1,91.55
14132.0,2,65.65
14133.0,1,75.75
14135.0,5,250.0
14139.0,1,23.9
14140.0,1,27.75
14141.0,2,57.45
14142.0,1,17.0
14143.0,1,51.0
14146.0,5,718.25
14147.0,2,340.0
14148.0,1,127.5
14149.0,1,58.2
14150.0,1,25.0
14154.0,2,689.7
14155.0,1,89.25
14156.0,45,32165.44
14158.0,1,73.8
14159.0,10,341.6
14161.0,3,383.25
14162.0,2,101.05
14163.0,4,1173.25
14165.0,1,57.1
14167.0,4,56.5
14171.0,1,66.85
14173.0,2,105.8
14174.0,1,9.95
14175.0,3,1160.65
14176.0,2,73.2
14177.0,3,240.15
14178.0,6,169.85
14179.0,2,212.2
14180.0,25,3587.15
14184.0,1,231.1
14185.0,1,184.9
14188.0,2,65.8
14189.0,10,622.7
14191.0,6,320.1
14193.0,1,43.7
14194.0,19,2290.8
14195.0,2,274.4
14196.0,1,17.0
14198.0,4,259.8
14199.0,1,175.2
14201.0,1,48.9
14204.0,1,28.8
14205.0,2,178.5
14206.0,1,25.5
14208.0,1,50.6
14209.0,6,904.35
14210.0,6,310.3
14211.0,7,259.75
14214.0,1,77.25
14215.0,3,144.8
14216.0,4,1026.2
14217.0,17,964.88
14219.0,1,16.5
14220.0,2,118.95
14221.0,6,842.25
14222.0,1,9.95
14223.0,3,263.3
14224.0,4,276.65
14226.0,4,331.8
14227.0,7,496.15
14229.0,3,506.85
14231.0,2,150.3
14232.0,2,58.55
14233.0,2,309.25
14234.0,1,7.5
14235.0,2,155.1
14236.0,2,168.3
14237.0,1,83.55
14238.0,1,29.85
14239.0,8,578.15
14240.0,2,246.45
14242.0,2,61.3
14243.0,10,637.05
14245.0,2,189.45
14246.0,3,151.8
14247.0,1,38.1
14248.0,1,217.5
14250.0,2,102.7
14251.0,2,208.2
14256.0,2,320.85
14257.0,4,182.7
14258.0,9,3954.38
14259.0,1,15.9
14261.0,2,421.5
14262.0,1,17.0
14264.0,2,204.4
14265.0,2,235.45
14267.0,3,575.8
14270.0,1,210.5
14271.0,1,31.8
14272.0,2,69.8
14273.0,1,17.85
14276.0,2,90.75
14277.0,3,1068.05
14280.0,1,59.25
14284.0,2,142.3
14285.0,2,760.45
14286.0,3,206.45
14288.0,1,51.0
14289.0,6,571.9
14290.0,5,447.55
14291.0,5,629.95
14292.0,5,911.2
14293.0,3,141.4
14297.0,3,115.3
14298.0,15,4065.39
14299.0,8,1392.85
14304.0,1,159.05
14305.0,2,96.2
14306.0,2,763.8
14307.0,5,336.3
14309.0,5,215.4
14311.0,1,115.1
14312.0,5,377.1
14315.0,5,598.95
14317.0,1,133.0
14320.0,1,37.75
14321.0,4,198.35
14323.0,2,87.4
14326.0,1,17.85
14329.0,6,1047.85
14331.0,2,84.75
14333.0,1,344.5
14334.0,8,743.75
14335.0,1,25.5
14336.0,1,39.8
14338.0,2,172.75
14340.0,1,27.0
14341.0,6,243.35
14342.0,2,249.8
14344.0,7,284.2
14345.0,1,17.85
14346.0,2,385.5
14348.0,1,129.55
14349.0,1,8.5
14350.0,1,17.85
14352.0,3,233.8
14355.0,1,15.9
14356.0,2,268.4
14357.0,1,9.95
14359.0,3,147.6
14360.0,3,479.3
14362.0,1,32.2
14364.0,6,390.5
14367.0,12,1672.0
14368.0,1,61.7
14373.0,1,66.35
14375.0,1,34.35
14377.0,2,284.65
14379.0,1,7.95
14381.0,1,5.95
14382.0,1,26.85
14383.0,3,250.6
14386.0,1,48.8
14387.0,3,430.8
14388.0,8,270.3
14389.0,2,29.0
14390.0,8,516.1
14393.0,1,43.05
14395.0,8,669.95
14396.0,2,36.9
14397.0,9,314.0
14401.0,7,863.2
14403.0,4,599.1
14404.0,5,289.95
14406.0,1,31.8
14407.0,5,368.2
14408.0,2,62.2
14409.0,2,105.65
14410.0,7,287.9
14411.0,1,732.4
14412.0,1,149.1
14413.0,1,16.7
14414.0,1,63.6
14415.0,9,646.25
14418.0,2,152.45
14419.0,6,124.45
14421.0,2,182.6
14422.0,6,819.2
14424.0,1,322.08
14426.0,8,924.1
14428.0,5,464.2
14431.0,1,202.4
14432.0,4,227.25
14434.0,4,566.4
14436.0,1,12.5
14439.0,1,2032.64
14440.0,5,1340.0
14441.0,4,621.1
14442.0,2,1111.45
14443.0,2,92.2
14446.0,4,136.95
14447.0,1,15.9
14448.0,1,9.95
14449.0,2,57.65
14450.0,2,44.8
14451.0,1,17.0
14452.0,2,74.3
14453.0,1,28.2
14456.0,8,299.65
14459.0,1,451.9
14461.0,3,735.1
14462.0,10,614.4
14463.0,2,368.7
14465.0,3,266.25
14466.0,6,1055.75
14467.0,3,66.25
14470.0,2,176.6
14472.0,8,574.55
14473.0,2,100.9
14474.0,1,337.6
14475.0,3,291.5
14476.0,1,48.05
14479.0,2,81.45
14480.0,1,29.0
14481.0,1,34.35
14482.0,3,135.95
14485.0,1,24.2
14487.0,5,256.1
14488.0,1,74.9
14489.0,1,23.0
14491.0,2,119.95
14493.0,4,371.3
14496.0,2,124.85
14497.0,1,181.5
14498.0,5,586.6
14499.0,3,93.9
14500.0,2,129.15
14501.0,1,19.35
14502.0,11,708.5
14503.0,5,602.45
14504.0,4,268.65
14505.0,8,1351.87
14506.0,5,844.75
14507.0,4,252.2
14508.0,2,98.45
14511.0,4,119.35
14512.0,2,99.65
14514.0,3,247.25
14515.0,5,486.8
14517.0,2,137.9
14518.0,1,55.2
14520.0,1,33.0
14522.0,2,205.8
14523.0,1,24.4
14524.0,8,470.75
14525.0,7,639.9
14527.0,55,4735.34
14528.0,1,17.0
14529.0,2,65.4
14530.0,6,842.0
14532.0,4,732.45
14533.0,1,67.5
14534.0,18,1625.77
14535.0,3,465.4
14536.0,1,101.7
14538.0,2,89.6
14539.0,2,28.9
14540.0,3,264.75
14541.0,3,67.55
14542.0,1,71.4
14543.0,12,2034.14
14544.0,2,257.25
14546.0,5,386.5
14547.0,6,669.5
14549.0,1,56.7
14550.0,2,52.9
14551.0,1,53.0
14552.0,1,14.7
14553.0,4,331.75
14554.0,4,317.25
14555.0,1,27.0
14560.0,15,1260.1
14561.0,3,71.55
14562.0,17,1276.15
14565.0,4,514.65
14567.0,1,343.8
14569.0,1,24.9
14570.0,2,111.15
14572.0,7,625.2
14573.0,8,1018.5
14581.0,1,8.25
14582.0,1,49.65
14583.0,5,196.15
14584.0,4,417.85
14585.0,1,8.5
14587.0,9,386.3
14589.0,1,39.75
14591.0,3,218.75
14592.0,2,47.9
14593.0,3,193.5
14594.0,2,106.55
14595.0,4,204.8
14600.0,1,156.9
14606.0,90,4092.66
14607.0,5,3376.8
14618.0,3,101.4
14619.0,1,130.7
14620.0,1,95.55
14621.0,4,310.6
14622.0,1,49.65
14623.0,4,230.45
14625.0,2,325.8
14626.0,4,578.0
14628.0,2,295.95
14629.0,2,500.45
14631.0,2,104.3
14632.0,1,15.9
14633.0,1,187.05
14636.0,1,78.6
14638.0,1,174.0
14639.0,6,938.05
14640.0,6,554.75
14643.0,1,71.5
14644.0,1,360.1
14645.0,2,182.75
14646.0,52,22121.33
14649.0,4,322.8
14651.0,2,168.45
14652.0,1,25.85
14653.0,7,608.95
14655.0,2,44.6
14656.0,2,69.55
14657.0,3,152.75
14658.0,2,164.35
14659.0,8,358.95
14660.0,2,29.5
14661.0,1,66.9
14662.0,3,151.28
14664.0,2,75.6
14665.0,4,287.15
14666.0,1,19.9
14667.0,22,1719.55
14669.0,3,239.25
14670.0,2,32.75
14672.0,2,184.95
14675.0,1,128.85
14676.0,1,136.0
14680.0,3,365.4
14681.0,1,378.95
14684.0,3,92.3
14688.0,12,414.25
14689.0,1,7.95
14690.0,2,80.65
14691.0,5,931.88
14692.0,3,50.85
14693.0,1,127.5
14696.0,5,230.2
14697.0,2,36.55
14698.0,5,287.3
14699.0,1,17.85
14700.0,3,240.15
14701.0,9,1035.8
14702.0,16,1176.6
14704.0,9,359.25
14708.0,3,299.45
14709.0,6,524.4
14710.0,3,76.0
14711.0,11,1319.15
14712.0,1,25.5
14713.0,11,421.25
14714.0,1,32.65
14715.0,4,282.6
14716.0,2,22.85
14719.0,5,168.2
14720.0,2,273.6
14722.0,1,25.85
14723.0,5,178.3
14725.0,1,157.05
14727.0,1,152.55
14729.0,1,35.4
14730.0,8,597.85
14731.0,2,20.45
14732.0,8,665.4
14733.0,12,2853.2
14735.0,14,1395.75
14737.0,2,385.8
14738.0,3,130.45
14739.0,2,234.3
14740.0,2,188.15
14741.0,3,77.25
14744.0,3,231.95
14745.0,2,31.8
14747.0,1,151.25
14748.0,2,63.6
14753.0,1,94.5
14754.0,2,88.45
14755.0,10,895.6
14756.0,1,173.85
14757.0,1,151.8
14758.0,4,860.8
14759.0,3,670.1
14760.0,1,23.8
14765.0,2,107.1
14766.0,4,206.35
14769.0,8,2262.4
14770.0,2,241.3
14772.0,1,24.25
14778.0,1,96.2
14779.0,2,222.4
14780.0,1,58.7
14784.0,1,39.95
14788.0,1,71.7
14790.0,1,108.0
14794.0,7,387.4
14795.0,1,127.2
14796.0,16,806.0
14799.0,1,124.05
14800.0,4,451.15
14801.0,1,51.25
14803.0,3,198.9
14804.0,1,173.45
14805.0,4,378.5
14806.0,1,8.95
14808.0,6,653.3
14810.0,4,55.75
14813.0,2,47.9
14816.0,1,271.85
14817.0,2,119.9
14818.0,3,144.75
14819.0,1,104.55
14820.0,4,124.35
14823.0,3,148.8
14824.0,1,131.25
14825.0,8,307.15
14828.0,1,503.2
14829.0,2,40.85
14830.0,1,8.25
14834.0,5,466.4
14836.0,1,17.85
14837.0,2,64.85
14840.0,1,17.85
14841.0,6,615.5
14842.0,3,681.83
14844.0,4,480.65
14847.0,1,91.0
14849.0,15,992.15
14850.0,1,8.5
14851.0,1,49.65
14852.0,6,465.1
14853.0,2,387.3
14854.0,5,449.3
14855.0,2,379.5
14856.0,2,357.1
14857.0,2,354.55
14859.0,1,147.4
14862.0,1,56.3
14863.0,1,64.68
14866.0,7,2703.9
14867.0,2,228.2
14868.0,4,260.6
14869.0,2,173.55
14870.0,1,81.0
14871.0,4,127.5
14873.0,1,172.75
14875.0,1,305.65
14878.0,8,300.55
14880.0,3,165.5
14882.0,2,162.9
14886.0,1,51.7
14888.0,1,40.5
14893.0,2,196.5
14894.0,1,71.4
14895.0,15,3022.85
14896.0,2,83.95
14897.0,4,810.5
14898.0,5,248.95
14901.0,8,431.25
14902.0,1,33.0
14903.0,5,453.95
14907.0,5,477.05
14908.0,1,97.5
14910.0,2,59.7
14911.0,187,38821.57
14912.0,2,64.8
14913.0,1,38.25
14915.0,2,108.9
14916.0,2,41.95
14918.0,2,519.0
14920.0,2,195.5
14921.0,1,21.8
14923.0,1,128.2
14924.0,1,142.0
14929.0,1,51.0
14930.0,3,881.25
14931.0,4,466.8
14932.0,1,223.1
14934.0,2,492.65
14936.0,8,2857.2
14937.0,1,322.2
14944.0,8,830.25
14946.0,1,34.5
14947.0,2,50.7
14948.0,3,252.85
14950.0,1,127.7
14951.0,1,38.25
14952.0,8,2183.15
14953.0,1,75.35
14954.0,1,153.25
14958.0,3,336.95
14959.0,1,31.8
14960.0,2,77.45
14961.0,8,989.05
14962.0,1,41.65
14963.0,3,182.8
14964.0,1,22.7
14965.0,2,145.95
14968.0,1,8.5
14970.0,4,1553.25
14971.0,2,286.1
14972.0,1,79.75
14973.0,3,872.05
14974.0,1,19.9
14976.0,6,416.85
14978.0,5,965.7
14984.0,2,139.75
14985.0,2,15.9
14988.0,1,51.05
14995.0,2,28.55
14998.0,2,86.1
15000.0,1,89.1
15002.0,4,158.4
15004.0,1,433.7
15005.0,27,813.4
15006.0,1,63.55
15007.0,1,9.95
15009.0,2,130.9
15010.0,1,64.5
15012.0,2,91.4
15016.0,1,83.5
15017.0,1,15.9
15018.0,3,220.85
15019.0,1,62.65
15021.0,9,609.4
15022.0,4,111.5
15023.0,11,2111.7
15024.0,7,341.6
15025.0,1,58.45
15026.0,2,120.45
15027.0,2,264.8
15028.0,3,85.55
15030.0,1,194.4
15031.0,4,197.55
15032.0,1,23.85
15033.0,8,488.0
15034.0,7,794.35
15036.0,3,102.55
15038.0,5,398.9
15039.0,46,5084.09
15041.0,1,28.45
15042.0,1,89.25
15044.0,16,3278.75
15045.0,2,675.6
15046.0,10,642.15
15047.0,1,23.8
15048.0,4,111.1
15050.0,2,281.9
15051.0,3,186.9
15052.0,1,79.9
15054.0,2,37.65
15057.0,2,608.1
15058.0,8,388.25
15059.0,8,327.45
15060.0,2,37.4
15061.0,36,26646.3
15062.0,1,15.9
15063.0,1,300.6
15065.0,3,979.1
15066.0,1,335.8
15067.0,3,325.2
15068.0,2,127.5
15069.0,1,397.95
15071.0,2,579.6
15073.0,3,287.26
15075.0,1,123.85
15076.0,1,109.55
15078.0,17,667.1
15079.0,2,208.45
15081.0,5,196.45
15083.0,1,25.5
15088.0,2,456.8
15089.0,5,589.8
15090.0,1,121.8
15091.0,1,34.0
15092.0,2,202.0
15093.0,6,2069.7
15095.0,2,92.1
15096.0,1,30.35
15097.0,1,62.75
15098.0,2,39619.5
15100.0,3,876.0
15101.0,2,41.65
15103.0,2,162.6
15104.0,2,470.65
15105.0,4,164.6
15106.0,5,222.2
15107.0,5,144.0
15108.0,4,424.7
15109.0,1,188.35
15110.0,4,411.4
15111.0,3,275.4
15113.0,2,373.42
15114.0,7,178.5
15115.0,1,182.55
15116.0,1,54.75
15117.0,3,53.05
15119.0,1,121.45
15120.0,1,95.7
15121.0,2,58.65
15122.0,3,220.4
15123.0,2,483.75
15124.0,2,29.85
15125.0,7,2244.54
15128.0,2,77.7
15129.0,4,148.85
15130.0,1,35.7
15132.0,1,27.0
15133.0,1,88.4
15134.0,1,17.85
15135.0,1,17.85
15140.0,5,407.3
15142.0,1,49.5
15143.0,1,37.75
15144.0,9,1429.9
15145.0,3,288.5
15146.0,2,42.4
15147.0,1,241.9
15148.0,1,17.85
15149.0,1,215.85
15150.0,9,812.55
15152.0,12,1283.5
15153.0,1,124.65
15154.0,1,124.65
15156.0,3,199.1
15157.0,2,172.5
15159.0,23,4884.3
15163.0,2,35.75
15164.0,3,205.95
15165.0,1,158.6
15167.0,1,36.7
15168.0,1,47.7
15171.0,1,745.0
15172.0,3,86.5
15179.0,3,492.15
15181.0,1,238.8
15182.0,1,17.0
15184.0,2,178.25
15185.0,1,79.9
15186.0,1,41.4
15187.0,10,2467.1
15189.0,33,5627.15
15192.0,3,323.9
15193.0,1,376.35
15194.0,11,764.15
15197.0,2,462.75
15199.0,4,444.7
15201.0,4,163.5
15204.0,1,68.0
15205.0,1,217.4
15208.0,4,427.55
15210.0,1,97.8
15211.0,2,330.35
15212.0,1,39.8
15214.0,4,217.3
15215.0,3,254.2
15216.0,1,63.6
15218.0,9,1218.65
15219.0,1,232.75
15220.0,4,247.2
15221.0,1,324.05
15223.0,2,501.7
15224.0,2,95.8
15225.0,1,91.7
15226.0,1,25.5
15227.0,4,466.1
15228.0,3,359.8
15235.0,7,301.05
15237.0,3,219.15
15238.0,3,266.6
15239.0,1,47.0
15240.0,2,85.15
15241.0,4,195.8
15243.0,1,32.7
15244.0,2,66.4
15245.0,1,34.0
15246.0,1,32.65
15249.0,10,755.9
15251.0,8,2031.85
15252.0,2,86.25
15253.0,1,9.95
15255.0,1,150.55
15257.0,1,276.95
15258.0,2,236.4
15260.0,5,366.75
15262.0,1,17.0
15263.0,1,27.9
15264.0,1,17.85
15265.0,2,552.85
15266.0,1,89.45
15269.0,1,290.0
15270.0,5,422.6
15271.0,11,399.55
15272.0,2,354.65
15274.0,1,47.6
15275.0,1,102.1
15276.0,1,39.6
15279.0,1,29.9
15281.0,6,514.1
15287.0,2,160.65
15288.0,4,663.2
15289.0,2,35.7
15290.0,11,1399.25
15291.0,11,2197.0
15292.0,1,78.6
15296.0,6,805.75
15297.0,2,34.85
15298.0,9,791.1
15299.0,3,1769.85
15300.0,1,42.0
15301.0,10,929.6
15303.0,1,129.6
15304.0,8,451.8
15306.0,3,269.15
15307.0,1,103.95
15308.0,1,104.1
15311.0,82,7252.25
15314.0,1,11.9
15319.0,1,83.3
15320.0,1,20.4
15321.0,3,627.45
15322.0,1,138.3
15325.0,1,11.5
15327.0,1,83.65
15329.0,3,263.1
15332.0,1,214.2
15334.0,2,16.2
15335.0,1,28.35
15339.0,2,33.2
15342.0,1,14.95
15343.0,1,236.6
15344.0,3,407.4
15345.0,1,233.55
15346.0,1,17.85
15349.0,2,119.9
15351.0,6,319.65
15353.0,2,293.25
15355.0,2,260.3
15356.0,3,63.85
15358.0,14,600.35
15363.0,1,33.75
15365.0,4,252.15
15366.0,1,49.95
15367.0,4,403.15
15368.0,1,16.5
15370.0,7,1019.45
15373.0,12,1308.05
15374.0,1,51.0
15376.0,3,204.05
15379.0,5,541.3
15380.0,4,1232.9
15381.0,1,314.55
15382.0,5,970.4
15384.0,1,33.4
15385.0,1,16.5
15392.0,2,219.45
15394.0,3,410.1
15395.0,1,77.75
15396.0,1,109.1
15397.0,1,31.35
15398.0,1,145.2
15399.0,1,29.75
15400.0,1,95.2
15402.0,2,244.0
15405.0,1,160.2
15406.0,2,193.6
15407.0,3,471.25
15408.0,1,145.2
15410.0,8,1071.7
15411.0,4,482.75
15412.0,1,110.5
15414.0,3,99.7
15415.0,1,17.0
15416.0,4,1046.6
15421.0,2,130.3
15423.0,1,7.5
15426.0,5,334.45
15427.0,3,227.0
15429.0,2,89.5
15432.0,1,17.85
15434.0,2,71.85
15435.0,1,45.3
15436.0,3,241.9
15437.0,1,48.2
15438.0,1,40.1
15440.0,3,95.25
15443.0,7,529.4
15444.0,2,258.6
15445.0,1,45.4
15447.0,1,25.5
15448.0,1,113.4
15449.0,1,19.9
15450.0,1,67.9
15452.0,1,56.5
15453.0,7,328.5
15454.0,1,35.4
15456.0,1,25.5
15457.0,1,19.9
15460.0,1,67.35
15464.0,1,393.3
15465.0,18,5710.55
15466.0,1,41.2
15467.0,2,43.7
15468.0,2,155.05
15469.0,2,292.15
15471.0,1,35.3
15472.0,1,53.85
15475.0,1,65.65
15478.0,2,282.75
15480.0,1,338.15
15482.0,9,3181.16
15483.0,2,14.45
15484.0,3,280.6
15485.0,3,1004.8
15488.0,1,15.0
15489.0,2,166.4
15491.0,5,601.15
15492.0,1,140.8
15493.0,5,917.35
15494.0,2,145.65
15497.0,2,439.8
15498.0,21,5420.65
15500.0,4,347.05
15502.0,10,5613.7
15503.0,1,24.4
15505.0,4,795.28
15506.0,2,64.2
15507.0,1,238.45
15508.0,4,206.3
15510.0,1,250.0
15511.0,5,486.45
15513.0,12,5259.08
15514.0,5,791.6
15516.0,1,14.45
15517.0,1,12.75
15518.0,5,235.8
15521.0,7,758.55
15523.0,1,8.5
15524.0,1,440.0
15525.0,2,201.7
15526.0,2,139.3
15527.0,8,874.65
15528.0,1,23.85
15529.0,7,225.45
15530.0,4,362.95
15531.0,2,487.15
15532.0,4,609.7
15533.0,3,257.7
15535.0,3,257.45
15537.0,1,36.8
15541.0,1,29.75
15543.0,1,15.9
15544.0,1,25.5
15545.0,2,77.25
15547.0,14,1031.65
15549.0,3,555.09
15550.0,3,101.25
15551.0,1,170.25
15553.0,1,52.25
15554.0,1,86.8
15555.0,13,830.8
15556.0,1,28.4
15557.0,1,138.35
15561.0,2,307.4
15563.0,3,187.15
15565.0,2,49.5
15567.0,1,14.95
15568.0,2,54.15
15569.0,1,12.75
15570.0,11,1087.75
15571.0,4,297.35
15572.0,7,958.7
15573.0,2,165.65
15574.0,3,220.95
15576.0,1,133.0
15577.0,3,54.8
15578.0,1,7.95
15579.0,2,134.5
15581.0,8,3129.88
15582.0,1,19.9
15584.0,3,163.95
15585.0,1,15.9
15589.0,1,82.65
15593.0,1,154.8
15594.0,4,306.25
15596.0,5,432.15
15597.0,1,17.85
15598.0,1,40.0
15599.0,1,76.85
15601.0,10,1683.25
15602.0,3,95.85
15605.0,5,359.25
15606.0,7,733.88
15607.0,1,17.0
15608.0,2,178.25
15609.0,1,41.2
15611.0,11,653.05
15612.0,2,122.1
15615.0,13,1423.8
15618.0,2,89.25
15619.0,1,91.8
15620.0,3,421.8
15622.0,7,981.3
15623.0,1,85.5
15624.0,3,180.3
15626.0,1,65.2
15628.0,6,264.1
15630.0,2,220.9
15632.0,5,715.5
15634.0,1,58.75
15636.0,2,216.2
15637.0,1,23.8
15639.0,1,247.3
15640.0,11,2834.25
15641.0,2,63.6
15643.0,3,295.45
15644.0,3,71.45
15645.0,1,111.0
15646.0,2,55.35
15648.0,2,226.65
15652.0,1,74.65
15654.0,1,15.0
15655.0,1,126.85
15656.0,4,223.95
15658.0,4,553.3
15659.0,1,215.85
15660.0,4,90.3
15663.0,1,25.4
15664.0,1,117.55
15665.0,2,241.3
15669.0,2,75.5
15670.0,1,47.25
15671.0,6,181.65
15673.0,4,817.6
15674.0,5,626.61
15675.0,1,42.45
15676.0,3,686.2
15677.0,1,149.05
15679.0,1,19.4
15680.0,3,102.3
15681.0,2,199.18
15687.0,8,738.35
15689.0,2,96.3
15694.0,12,2869.8
15695.0,1,38.25
15696.0,7,737.3
15699.0,1,135.05
15700.0,1,140.15
15701.0,4,466.3
15703.0,1,107.1
15704.0,3,574.75
15705.0,1,63.6
15706.0,4,494.7
15707.0,4,108.1
15708.0,7,1168.05
15709.0,1,16.35
15712.0,3,127.7
15713.0,2,122.95
15714.0,1,81.45
15716.0,4,83.75
15719.0,13,522.7
15720.0,1,189.2
15721.0,1,26.35
15722.0,4,406.45
15723.0,1,66.4
15724.0,2,53.55
15725.0,1,56.8
15727.0,4,884.15
15729.0,1,23.0
15730.0,3,192.4
15733.0,1,61.8
15734.0,2,340.6
15737.0,8,260.85
15738.0,13,998.55
15739.0,1,47.6
15743.0,4,419.35
15745.0,4,325.85
15747.0,3,120.65
15748.0,1,54.1
15749.0,2,8777.0
15750.0,7,239.35
15752.0,2,61.4
15754.0,1,17.85
15755.0,6,421.4
15756.0,4,147.55
15757.0,2,129.25
15758.0,1,17.85
15759.0,3,175.8
15762.0,1,100.8
15763.0,2,552.6
15764.0,4,593.0
15766.0,1,41.4
15768.0,3,290.8
15769.0,2,1600.2
15774.0,1,101.2
15775.0,1,17.0
15776.0,1,95.05
15777.0,2,166.7
15780.0,3,150.55
15781.0,2,108.4
15782.0,3,721.5
15783.0,1,32.2
15785.0,4,752.7
15786.0,2,965.2
15787.0,3,262.75
15790.0,1,86.2
15791.0,2,416.0
15793.0,1,16.65
15795.0,1,107.65
15796.0,8,966.15
15797.0,1,15.0
15799.0,2,195.0
15800.0,2,197.7
15801.0,2,128.6
15802.0,1,451.42
15804.0,11,1017.25
15805.0,10,710.6
15806.0,1,32.7
15807.0,3,105.8
15808.0,4,836.15
15809.0,5,189.15
15810.0,3,112.55
15811.0,6,462.5
15812.0,4,429.25
15813.0,2,379.75
15814.0,4,355.0
15815.0,2,80.1
15819.0,3,76.8
15820.0,1,10.9
15821.0,2,204.15
15822.0,2,376.85
15823.0,1,15.0
15825.0,1,275.5
15826.0,3,260.2
15827.0,10,449.05
15829.0,1,25.5
15830.0,1,139.5
15831.0,1,86.85
15832.0,1,29.2
15834.0,4,862.9
15835.0,2,187.7
15836.0,1,87.4
15837.0,1,109.6
15839.0,2,35.7
15840.0,1,17.0
15843.0,1,56.1
15844.0,1,21.9
15845.0,6,538.25
15847.0,1,50.75
15850.0,1,22.45
15852.0,2,108.5
15854.0,10,2185.85
15856.0,11,1377.95
15858.0,4,217.5
15860.0,6,319.25
15861.0,6,248.5
15862.0,3,177.75
15863.0,2,33.35
15864.0,3,303.6
15865.0,3,533.45
15866.0,1,86.8
15867.0,14,1718.4
15870.0,1,23.0
15872.0,1,58.0
15874.0,7,1064.85
15877.0,2,86.6
15880.0,1,49.55
15881.0,2,47.65
15883.0,2,72.0
15885.0,3,138.65
15886.0,1,39.7
15888.0,1,76.5
15889.0,2,142.35
15891.0,1,106.15
15894.0,1,7.95
15898.0,4,259.0
15899.0,1,12.75
15901.0,3,61.85
15903.0,1,316.2
15904.0,1,65.2
15906.0,6,490.45
15907.0,3,191.95
15910.0,5,123.85
15912.0,1,9.95
15916.0,8,676.5
15917.0,1,68.5
15918.0,2,18.25
15919.0,2,133.63
15920.0,2,27.1
15921.0,1,103.15
15922.0,1,81.3
15923.0,1,30.6
15925.0,1,38.25
15930.0,1,86.55
15932.0,5,334.3
15933.0,2,43.7
15935.0,2,325.82
15938.0,1,17.0
15939.0,3,122.25
15940.0,1,35.8
15942.0,1,36.9
15944.0,1,256.2
15947.0,1,222.4
15948.0,2,53.55
15950.0,3,163.75
15951.0,2,136.85
15952.0,4,135.7
15953.0,6,186.6
15955.0,7,856.2
15957.0,1,40.75
15958.0,1,16.5
15963.0,1,36.4
15965.0,3,89.35
15967.0,2,78.65
15969.0,3,493.6
15973.0,1,197.1
15974.0,7,714.85
15976.0,2,62.55
15977.0,2,209.1
15978.0,1,122.4
15980.0,1,64.68
15981.0,3,540.0
15983.0,3,93.75
15984.0,6,333.05
15985.0,2,63.7
15987.0,5,466.03
15988.0,1,40.65
15990.0,2,177.6
15992.0,1,14.95
15993.0,7,606.9
15994.0,1,74.5
15996.0,6,322.3
15998.0,5,667.65
16000.0,1,2002.5
16003.0,5,1201.4
16005.0,4,162.84
16007.0,4,194.9
16008.0,2,42.7
16009.0,3,306.95
16010.0,3,18.65
16011.0,5,140.05
16012.0,3,315.3
16013.0,8,3054.08
16014.0,3,148.15
16015.0,2,22.45
16016.0,6,359.6
16017.0,1,39.85
16018.0,1,98.9
16019.0,8,1541.25
16020.0,2,42.0
16022.0,1,166.55
16023.0,3,218.8
16025.0,1,16.5
16027.0,3,233.6
16029.0,7,9002.55
16030.0,1,29.75
16031.0,2,137.65
16033.0,19,2640.1
16034.0,2,124.35
16036.0,2,119.05
16037.0,3,179.6
16038.0,2,93.35
16040.0,3,284.95
16041.0,2,1487.0
16042.0,2,81.8
16043.0,3,150.8
16045.0,4,207.3
16049.0,3,171.15
16050.0,1,28.4
16052.0,1,63.6
16053.0,2,227.1
16054.0,1,161.9
16055.0,1,74.65
16056.0,1,184.65
16057.0,4,536.75
16059.0,4,280.1
16062.0,4,378.1
16065.0,1,15.25
16066.0,5,408.0
16070.0,1,35.7
16071.0,1,26.95
16072.0,1,452.15
16076.0,5,122.3
16079.0,3,87.8
16081.0,5,412.15
16084.0,1,77.5
16085.0,5,193.95
16086.0,4,148.45
16091.0,1,11.5
16092.0,2,65.3
16094.0,3,243.6
16096.0,1,196.0
16097.0,1,74.65
16098.0,6,732.5
16101.0,1,79.1
16102.0,1,149.8
16103.0,6,884.0
16104.0,1,106.0
16107.0,1,361.0
16108.0,1,17.0
16109.0,1,131.4
16110.0,3,150.4
16113.0,1,33.1
16115.0,7,240.8
16116.0,1,224.55
16117.0,1,36.9
16121.0,2,78.6
16123.0,1,52.9
16124.0,1,159.4
16125.0,1,33.75
16126.0,4,1012.2
16127.0,1,113.8
16128.0,2,140.75
16131.0,5,884.5
16133.0,19,2036.65
16134.0,1,31.8
16135.0,1,217.35
16136.0,2,143.2
16140.0,1,17.0
16141.0,1,221.05
16142.0,1,138.5
16143.0,4,437.45
16144.0,1,175.2
16145.0,4,328.65
16146.0,1,17.85
16147.0,1,118.0
16150.0,5,331.85
16152.0,1,541.5
16153.0,4,135.5
16156.0,6,446.05
16157.0,2,84.6
16160.0,1,173.1
16161.0,15,1116.7
16162.0,1,37.4
16163.0,1,236.7
16164.0,1,39.9
16168.0,12,516.4
16169.0,2,78.75
16170.0,3,100.85
16172.0,1,50.5
16173.0,4,273.05
16174.0,2,238.95
16175.0,4,253.65
16177.0,1,167.6
16178.0,1,47.8
16179.0,1,79.95
16180.0,5,203.05
16181.0,1,11.9
16182.0,1,52.85
16183.0,1,101.25
16184.0,5,381.75
16185.0,1,79.95
16186.0,6,259.55
16187.0,8,758.5
16188.0,3,74.8
16189.0,1,29.9
16190.0,1,89.85
16191.0,3,202.3
16193.0,1,19.9
16198.0,1,114.4
16200.0,2,298.75
16201.0,2,101.65
16202.0,1,153.45
16205.0,1,19.9
16206.0,2,46.85
16207.0,1,131.6
16208.0,2,249.2
16209.0,4,88.45
16210.0,8,881.4
16211.0,1,217.8
16212.0,2,156.1
16213.0,1,76.5
16214.0,3,368.5
16215.0,1,55.45
16216.0,1,371.15
16217.0,2,124.45
16218.0,2,290.8
16221.0,3,131.0
16222.0,1,230.5
16224.0,3,180.35
16225.0,3,49.8
16227.0,1,250.2
16229.0,2,294.2
16230.0,1,25.5
16233.0,2,163.3
16235.0,5,298.6
16236.0,1,75.4
16239.0,1,51.0
16240.0,2,1321.03
16241.0,10,418.4
16242.0,6,393.15
16243.0,2,199.85
16244.0,2,122.05
16245.0,3,195.05
16247.0,1,42.3
16249.0,4,406.45
16250.0,2,114.3
16253.0,2,103.0
16255.0,8,522.75
16256.0,1,71.4
16257.0,1,46.95
16258.0,4,658.25
16260.0,1,493.05
16261.0,4,278.45
16265.0,9,1397.35
16266.0,6,327.7
16268.0,2,172.45
16270.0,1,281.25
16271.0,2,39.75
16274.0,1,196.4
16275.0,1,224.45
16278.0,1,382.35
16279.0,3,134.6
16282.0,1,7.95
16283.0,3,272.1
16284.0,2,31.95
16287.0,1,32.7
16292.0,1,37.75
16293.0,9,515.75
16295.0,4,503.25
16297.0,1,32.0
16298.0,2,213.0
16303.0,2,300.35
16306.0,2,53.55
16309.0,2,218.3
16311.0,2,28.65
16313.0,2,51.35
16315.0,1,84.35
16316.0,6,1205.45
16317.0,3,208.4
16318.0,1,17.85
16319.0,1,285.6
16320.0,2,118.5
16321.0,1,26.85
16322.0,2,63.65
16324.0,2,56.55
16325.0,2,140.6
16326.0,14,2066.7
16327.0,5,370.65
16330.0,2,34.6
16332.0,6,440.95
16337.0,1,17.9
16338.0,1,26.85
16339.0,1,79.5
16340.0,1,61.2
16341.0,2,46.2
16342.0,3,87.65
16343.0,2,59.7
16344.0,1,101.1
16345.0,1,171.5
16347.0,2,239.65
16348.0,6,360.05
16349.0,1,40.85
16350.0,3,250.2
16353.0,3,68.7
16354.0,1,88.55
16356.0,1,21.8
16357.0,3,206.6
16359.0,7,531.6
16360.0,6,624.7
16361.0,4,229.45
16362.0,2,78.3
16363.0,1,34.0
16364.0,2,268.8
16365.0,9,1021.6
16366.0,1,45.4
16367.0,2,151.55
16368.0,2,80.5
16369.0,2,120.75
16370.0,4,384.7
16372.0,2,102.1
16374.0,2,130.95
16376.0,2,130.05
16378.0,1,13.5
16379.0,2,51.0
16380.0,1,21.75
16383.0,2,69.9
16384.0,2,115.0
16385.0,3,101.85
16386.0,1,47.35
16387.0,1,23.8
16389.0,3,323.7
16392.0,1,20.55
16393.0,1,11.9
16394.0,1,35.7
16395.0,4,88.65
16398.0,2,726.9
16399.0,2,82.0
16400.0,1,38.8
16401.0,1,32.7
16402.0,1,45.35
16404.0,1,159.1
16406.0,1,13.9
16407.0,8,449.9
16409.0,5,258.1
16411.0,2,46.65
16413.0,1,36.75
16414.0,2,94.65
16415.0,1,15.9
16416.0,2,301.6
16418.0,3,275.95
16419.0,5,351.1
16422.0,8,440.25
16423.0,1,16.5
16424.0,1,32.4
16425.0,1,163.15
16426.0,6,236.35
16429.0,1,279.6
16430.0,1,45.85
16431.0,1,11.9
16432.0,1,32.4
16433.0,1,63.6
16434.0,7,324.1
16438.0,4,82.2
16440.0,2,83.15
16441.0,1,22.45
16442.0,3,112.35
16444.0,4,91.65
16445.0,1,40.3
16447.0,1,71.1
16448.0,1,50.5
16449.0,2,142.8
16456.0,2,62.3
16457.0,1,35.7
16460.0,2,134.05
16461.0,1,86.19
16462.0,3,136.0
16463.0,1,17.0
16464.0,3,295.1
16466.0,5,205.35
16468.0,1,12.5
16469.0,4,187.95
16470.0,3,69.2
16471.0,1,17.85
16473.0,1,26.95
16474.0,7,246.45
16475.0,2,96.9
16477.0,3,93.25
16478.0,2,49.5
16479.0,2,74.35
16480.0,1,236.0
16483.0,1,43.65
16484.0,1,27.5
16485.0,1,162.85
16488.0,3,111.7
16491.0,1,81.55
16493.0,1,14.95
16495.0,3,236.9
16496.0,3,424.9
16497.0,6,754.0
16498.0,1,7.95
16499.0,2,70.9
16500.0,1,165.0
16503.0,4,366.0
16509.0,1,194.2
16510.0,1,108.45
16511.0,3,235.95
16513.0,1,49.05
16515.0,4,320.55
16517.0,1,7.95
16518.0,2,83.95
16519.0,2,152.6
16520.0,3,178.0
16523.0,19,2817.28
16525.0,25,4051.3
16526.0,1,137.6
16527.0,1,8.25
16528.0,1,55.35
16529.0,1,69.55
16531.0,6,184.3
16533.0,2,143.75
16535.0,1,206.5
16536.0,1,216.95
16539.0,4,959.05
16542.0,1,11.5
16546.0,1,39.8
16549.0,10,778.95
16550.0,5,366.4
16551.0,2,99.5
16552.0,2,162.7
16553.0,4,307.7
16554.0,2,182.5
16555.0,1,34.35
16556.0,7,984.1
16557.0,2,76.65
16558.0,18,1140.1
16560.0,2,228.25
16561.0,1,51.2
16563.0,1,105.8
16565.0,1,35.7
16566.0,4,232.9
16567.0,1,193.6
16569.0,1,47.7
16570.0,8,739.08
16571.0,1,33.3
16572.0,3,165.95
16573.0,2,177.35
16574.0,1,15.9
16584.0,2,114.6
16586.0,1,183.0
16587.0,1,97.3
16589.0,1,35.7
16591.0,1,106.2
16592.0,8,277.95
16593.0,2,155.95
16594.0,1,69.95
16595.0,1,18.2
16596.0,2,56.3
16597.0,1,12.5
16600.0,3,52.7
16601.0,1,67.75
16602.0,1,39.95
16603.0,2,31.25
16607.0,9,810.45
16609.0,7,1106.2
16611.0,1,25.0
16612.0,4,239.35
16613.0,1,61.55
16614.0,1,267.9
16616.0,1,79.9
16617.0,1,12.75
16618.0,5,657.55
16619.0,1,41.65
16620.0,1,34.0
16621.0,4,454.45
16623.0,1,65.4
16624.0,2,113.05
16625.0,1,32.4
16626.0,14,1405.0
16627.0,1,141.7
16628.0,4,225.0
16629.0,2,88.4
16633.0,6,786.2
16634.0,1,45.4
16637.0,2,144.75
16638.0,5,483.95
16639.0,3,326.65
16641.0,1,17.0
16642.0,2,223.55
16643.0,1,131.9
16644.0,1,37.75
16647.0,1,45.3
16650.0,1,172.1
16652.0,5,2006.55
16653.0,1,187.2
16654.0,2,188.5
16655.0,4,697.9
16656.0,4,189.5
16657.0,3,67.5
16658.0,1,31.8
16660.0,1,88.65
16665.0,1,43.95
16667.0,2,198.35
16669.0,2,391.21
16670.0,7,652.65
16671.0,2,343.35
16672.0,11,1822.1
16674.0,2,42.45
16676.0,4,633.09
16678.0,3,125.4
16679.0,1,12.75
16680.0,1,34.0
16681.0,2,47.7
16682.0,2,87.9
16684.0,14,7422.0
16685.0,1,82.5
16686.0,6,674.75
16688.0,3,260.7
16689.0,2,135.2
16690.0,1,16.95
16692.0,2,1276.0
16693.0,2,157.95
16696.0,1,195.6
16697.0,1,67.85
16700.0,8,242.5
16701.0,10,993.45
16705.0,14,4194.33
16706.0,3,246.3
16708.0,1,103.45
16709.0,5,1501.0
16710.0,9,398.45
16711.0,4,477.0
16712.0,9,1245.3
16713.0,15,2226.65
16714.0,3,346.45
16716.0,2,901.2
16717.0,6,778.6
16718.0,1,82.8
16719.0,7,691.45
16720.0,1,24.75
16721.0,1,13.5
16722.0,1,13.5
16723.0,2,257.2
16725.0,6,282.8
16726.0,4,233.4
16728.0,4,294.35
16729.0,14,452.6
16730.0,2,58.5
16732.0,1,205.95
16734.0,2,155.45
16735.0,3,138.3
16739.0,1,32.85
16742.0,1,464.9
16744.0,7,265.25
16745.0,7,93.4
16746.0,13,1243.81
16747.0,2,128.8
16750.0,5,264.65
16751.0,1,12.5
16752.0,1,129.8
16753.0,1,36.9
16755.0,3,242.25
16756.0,1,44.25
16758.0,1,62.3
16759.0,2,117.65
16762.0,3,120.7
16763.0,1,301.0
16764.0,12,520.5
16765.0,1,34.0
16766.0,2,95.4
16767.0,2,530.2
16768.0,3,180.1
16769.0,1,227.2
16770.0,3,80.0
16771.0,4,532.95
16773.0,1,35.45
16775.0,10,597.3
16776.0,1,14.95
16777.0,2,107.05
16778.0,1,32.0
16779.0,13,1018.55
16780.0,2,67.5
16781.0,1,145.95
16782.0,12,759.4
16784.0,1,47.6
16788.0,2,30.35
16790.0,2,67.5
16791.0,6,513.3
16792.0,2,22.7
16793.0,1,17.0
16794.0,3,50.7
16795.0,1,77.85
16800.0,1,399.0
16801.0,4,739.03
16804.0,2,136.35
16805.0,1,37.75
16806.0,4,207.55
16807.0,2,163.5
16808.0,1,38.25
16809.0,4,32.1
16810.0,1,19.9
16811.0,1,25.0
16812.0,1,310.9
16813.0,8,204.35
16814.0,19,2420.85
16816.0,2,33.75
16817.0,6,311.9
16818.0,6,254.95
16820.0,1,67.75
16823.0,1,112.5
16824.0,2,93.6
16825.0,2,222.5
16826.0,1,93.5
16828.0,1,15.0
16829.0,1,15.9
16832.0,3,176.5
16833.0,3,276.78
16834.0,1,23.8
16835.0,2,47.7
16837.0,10,1222.9
16838.0,2,282.55
16839.0,25,3558.95
16841.0,3,190.4
16842.0,3,328.7
16843.0,7,609.55
16846.0,1,16.5
16847.0,1,16.5
16849.0,1,52.3
16850.0,1,28.83
16852.0,2,91.8
16855.0,2,56.1
16858.0,1,166.05
16859.0,2,107.8
16866.0,1,99.5
16869.0,3,72.3
16871.0,2,628.4
16872.0,1,62.7
16873.0,6,1395.6
16875.0,4,612.35
16877.0,6,178.35
16880.0,6,784.9
16882.0,2,175.65
16883.0,2,94.65
16884.0,2,25.35
16885.0,3,235.75
16887.0,1,31.5
16889.0,3,340.6
16891.0,5,229.14
16892.0,4,175.2
16893.0,1,25.85
16895.0,1,61.0
16897.0,2,142.8
16898.0,3,88.95
16899.0,6,452.25
16900.0,1,82.05
16902.0,1,846.85
16903.0,1,66.15
16904.0,16,999.7
16905.0,7,1003.12
16906.0,4,158.05
16907.0,5,311.85
16909.0,1,64.5
16910.0,8,473.45
16912.0,8,854.45
16913.0,1,5.95
16914.0,1,41.75
16915.0,5,365.85
16916.0,2,62.45
16917.0,1,130.4
16918.0,2,100.15
16919.0,11,1134.45
16921.0,1,8.25
16923.0,16,1643.15
16924.0,2,226.65
16926.0,1,196.8
16927.0,1,67.5
16928.0,3,117.05
16929.0,1,15.9
16930.0,2,116.8
16931.0,15,416.85
16932.0,1,22.45
16933.0,2,101.7
16934.0,2,276.15
16936.0,1,8.95
16938.0,2,242.2
16940.0,3,253.05
16942.0,9,538.25
16943.0,3,665.65
16945.0,6,200.2
16947.0,1,59.6
16948.0,1,98.1
16949.0,5,599.9
16950.0,3,290.7
16951.0,1,87.65
16952.0,1,65.85
16954.0,7,748.05
16955.0,3,187.25
16956.0,1,101.55
16957.0,1,147.0
16960.0,1,18.45
16961.0,1,30.65
16965.0,1,51.65
16968.0,1,86.55
16969.0,2,105.35
16971.0,1,247.25
16976.0,1,175.2
16978.0,1,75.9
16979.0,6,735.85
16980.0,1,173.6
16983.0,5,247.9
16984.0,2,1152.45
16985.0,10,2721.85
16987.0,7,916.11
16988.0,1,58.25
16992.0,5,277.2
16999.0,1,15.9
17001.0,7,445.45
17002.0,3,519.45
17004.0,1,37.5
17006.0,4,89.75
17007.0,6,169.2
17014.0,2,117.3
17015.0,1,62.7
17017.0,1,137.0
17018.0,2,829.2
17019.0,4,166.6
17025.0,1,17.85
17026.0,1,12.75
17027.0,3,172.3
17030.0,1,28.9
17033.0,2,355.8
17034.0,3,222.1
17035.0,2,85.0
17037.0,1,97.7
17038.0,1,66.4
17040.0,1,289.95
17041.0,1,39.8
17042.0,3,55.0
17043.0,3,504.0
17045.0,3,135.15
17046.0,1,47.7
17047.0,3,218.0
17048.0,3,150.2
17049.0,9,1642.85
17050.0,6,438.6
17051.0,1,9.95
17052.0,1,28.7
17053.0,1,161.1
17054.0,5,622.25
17058.0,3,477.05
17059.0,5,667.05
17061.0,8,2086.9
17062.0,3,81.65
17063.0,5,152.05
17064.0,3,226.35
17068.0,11,438.5
17069.0,6,436.2
17070.0,1,75.45
17071.0,9,654.1
17073.0,4,388.3
17075.0,4,308.25
17076.0,3,472.0
17080.0,1,85.9
17081.0,2,145.65
17082.0,2,449.55
17083.0,2,47.7
17084.0,2,356.85
17085.0,5,191.2
17086.0,2,133.1
17088.0,4,574.7
17090.0,2,113.05
17091.0,5,339.55
17092.0,1,54.15
17094.0,1,47.7
17095.0,3,515.45
17096.0,4,248.75
17097.0,6,179.5
17100.0,1,17.85
17101.0,2,174.25
17102.0,1,25.5
17105.0,2,106.7
17107.0,6,4956.85
17109.0,3,60.25
17110.0,1,93.15
17111.0,1,8.5
17114.0,8,499.5
17115.0,3,259.25
17117.0,1,42.85
17119.0,2,122.3
17120.0,1,84.5
17124.0,1,144.45
17125.0,1,74.65
17126.0,3,119.15
17128.0,1,49.3
17131.0,5,736.9
17134.0,2,207.85
17135.0,6,213.35
17138.0,1,123.95
17139.0,10,2979.6
17140.0,1,25.5
17142.0,1,459.3
17144.0,2,462.6
17146.0,3,439.75
17147.0,4,428.6
17152.0,2,339.9
17153.0,1,30.35
17155.0,2,34.3
17157.0,1,23.8
17158.0,3,293.6
17159.0,3,165.6
17160.0,4,64.35
17162.0,7,559.45
17164.0,5,257.0
17165.0,1,35.8
17166.0,1,13.9
17169.0,2,130.5
17171.0,1,56.05
17173.0,6,900.1
17175.0,4,286.55
17176.0,1,39.5
17179.0,1,9.95
17180.0,3,82.3
17181.0,1,45.75
17183.0,4,274.95
17187.0,1,51.7
17188.0,7,787.3
17189.0,2,137.6
17190.0,1,195.0
17191.0,6,244.35
17194.0,2,99.5
17197.0,1,633.9
17198.0,3,282.0
17201.0,1,62.25
17203.0,2,128.0
17204.0,4,411.1
17211.0,7,533.3
17213.0,7,836.55
17214.0,6,492.9
17217.0,1,81.35
17218.0,9,363.0
17219.0,1,8.25
17220.0,11,467.3
17221.0,2,37.1
17222.0,1,81.65
17223.0,2,239.05
17226.0,1,27.45
17227.0,1,79.5
17228.0,2,49.9
17229.0,2,21.85
17230.0,4,896.3
17231.0,10,785.5
17232.0,2,60.5
17233.0,1,33.25
17234.0,1,53.7
17235.0,2,149.85
17236.0,6,299.75
17237.0,2,19.45
17238.0,12,527.05
17239.0,1,111.3
17243.0,24,2211.1
17245.0,1,53.55
17247.0,1,106.8
17248.0,1,17.85
17250.0,2,105.6
17251.0,1,34.0
17252.0,2,97.35
17253.0,1,83.1
17254.0,1,12.75
17255.0,2,25.85
17256.0,1,11.9
17259.0,2,119.0
17262.0,2,305.95
17263.0,1,6.75
17265.0,2,116.5
17266.0,2,70.55
17267.0,1,58.2
17272.0,3,286.75
17277.0,2,218.15
17278.0,1,69.7
17279.0,1,85.9
17282.0,1,112.5
17284.0,2,82.45
17286.0,1,8.5
17287.0,7,356.2
17288.0,2,204.55
17289.0,3,78.45
17290.0,2,139.4
17291.0,1,550.8
17293.0,4,165.5
17295.0,3,126.95
17297.0,1,42.3
17298.0,1,15.9
17299.0,1,10.9
17301.0,1,31.2
17302.0,2,109.0
17303.0,1,75.65
17309.0,1,6.75
17311.0,2,334.85
17312.0,1,7.95
17313.0,1,367.2
17314.0,6,528.85
17315.0,24,935.0
17317.0,1,729.6
17320.0,3,508.8
17321.0,2,292.6
17324.0,1,81.95
17329.0,2,56.55
17330.0,1,115.5
17331.0,1,175.2
17333.0,1,53.55
17337.0,3,497.95
17338.0,8,906.35
17340.0,8,2945.1
17341.0,2,116.1
17343.0,1,93.95
17344.0,1,36.7
17345.0,4,107.45
17346.0,14,454.0
17348.0,3,52.25
17349.0,1,20.7
17350.0,2,189.4
17351.0,3,543.1
17357.0,1,159.36
17358.0,2,55.65
17359.0,1,28.15
17360.0,3,101.65
17361.0,2,144.85
17362.0,2,41.9
17364.0,9,868.35
17365.0,6,365.25
17367.0,1,8.5
17368.0,6,377.75
17370.0,1,17.0
17371.0,2,198.17
17372.0,6,165.6
17373.0,1,23.85
17374.0,2,422.4
17375.0,2,85.15
17376.0,2,18.2
17377.0,18,769.0
17379.0,1,10.9
17381.0,1,1326.0
17382.0,1,15.0
17383.0,1,21.8
17384.0,2,238.3
17385.0,1,23.45
17387.0,2,72.35
17388.0,1,62.6
17389.0,30,16549.1
17392.0,1,126.45
17394.0,1,9.95
17396.0,4,2379.0
17397.0,2,187.55
17398.0,3,301.6
17400.0,4,541.4
17402.0,10,905.4
17403.0,1,57.5
17404.0,7,1141.5
17405.0,3,359.25
17406.0,3,954.65
17408.0,1,32.65
17409.0,2,678.15
17410.0,3,271.4
17411.0,3,336.5
17412.0,5,197.9
17415.0,1,369.4
17416.0,6,914.2
17418.0,1,130.95
17419.0,11,854.0
17420.0,3,113.75
17423.0,2,63.1
17425.0,1,33.0
17426.0,5,974.9
17427.0,1,70.8
17428.0,21,3876.3
17429.0,2,66.4
17430.0,1,23.8
17431.0,1,35.15
17432.0,1,22.65
17433.0,1,41.15
17434.0,4,364.3
17438.0,1,164.9
17442.0,4,229.05
17444.0,3,808.29
17447.0,1,26.5
17449.0,7,697.25
17450.0,18,49786.93
17451.0,1,19.9
17453.0,1,29.25
17454.0,3,95.8
17455.0,1,19.9
17457.0,1,25.5
17458.0,1,51.7
17459.0,1,59.95
17460.0,5,195.45
17461.0,2,92.45
17462.0,1,63.25
17463.0,5,440.5
17464.0,1,142.8
17466.0,2,264.25
17469.0,4,210.7
17470.0,2,79.5
17472.0,3,87.3
17481.0,4,131.55
17483.0,2,68.1
17486.0,1,46.9
17490.0,5,435.8
17491.0,7,489.45
17492.0,1,153.45
17495.0,1,92.3
17496.0,1,19.95
17499.0,1,95.4
17500.0,3,1138.0
17501.0,2,47.1
17502.0,2,64.0
17503.0,1,69.9
17504.0,7,957.5
17505.0,2,151.6
17506.0,1,75.0
17507.0,2,56.25
17509.0,7,214.2
17510.0,1,25.5
17511.0,26,10694.9
17512.0,3,162.35
17513.0,1,70.8
17514.0,1,21.0
17515.0,3,248.75
17516.0,4,122.45
17517.0,1,25.5
17519.0,6,236.9
17520.0,1,109.45
17521.0,2,32.4
17522.0,2,66.9
17523.0,2,50.85
17525.0,1,127.2
17526.0,3,804.3
17527.0,4,325.5
17528.0,8,1000.55
17530.0,7,308.45
17531.0,1,63.6
17536.0,1,76.5
17537.0,1,37.75
17540.0,1,51.85
17542.0,1,29.2
17545.0,3,224.65
17548.0,1,23.8
17549.0,1,47.7
17550.0,2,81.25
17551.0,1,44.2
17552.0,3,132.9
17554.0,3,200.1
17555.0,1,15.45
17556.0,1,14.95
17557.0,2,60.2
17560.0,2,95.65
17561.0,1,24.7
17564.0,2,56.55
17566.0,2,148.05
17567.0,5,591.4
17569.0,1,127.8
17571.0,3,428.53
17572.0,1,19.9
17573.0,1,41.65
17574.0,1,65.55
17576.0,17,808.0
17579.0,3,44.45
17580.0,2,55.65
17581.0,12,1277.55
17582.0,1,15.9
17584.0,2,330.9
17585.0,4,99.4
17588.0,2,544.2
17589.0,3,145.4
17590.0,3,317.7
17591.0,6,669.9
17593.0,5,912.9
17595.0,2,89.8
17596.0,7,383.7
17597.0,1,535.65
17600.0,1,31.95
17602.0,5,385.5
17603.0,1,250.0
17604.0,2,63.65
17609.0,4,207.3
17611.0,15,897.55
17612.0,6,372.55
17613.0,11,661.59
17614.0,1,72.7
17615.0,2,45.75
17618.0,3,298.35
17619.0,1,15.9
17620.0,1,34.0
17621.0,2,160.0
17623.0,1,71.6
17624.0,2,144.25
17625.0,4,291.95
17628.0,1,16.35
17629.0,5,104.85
17630.0,2,308.0
17631.0,2,125.2
17633.0,3,283.55
17634.0,8,1109.3
17636.0,1,18.75
17637.0,2,148.0
17639.0,1,55.05
17642.0,2,62.15
17643.0,1,42.75
17644.0,9,449.3
17646.0,3,278.15
17647.0,1,50.95
17648.0,4,767.8
17649.0,1,118.35
17651.0,6,226.5
17652.0,11,905.55
17653.0,4,307.7
17654.0,1,36.9
17655.0,7,1080.05
17656.0,5,477.0
17658.0,2,68.0
17659.0,9,681.5
17660.0,1,9.95
17663.0,6,433.1
17664.0,2,28.4
17666.0,1,25.5
17667.0,4,447.3
17668.0,2,202.5
17670.0,1,31.8
17671.0,2,290.5
17672.0,2,862.25
17673.0,1,18.65
17675.0,28,4291.35
17676.0,2,39.5
17677.0,16,1037.35
17679.0,2,769.25
17680.0,1,45.5
17682.0,4,147.6
17684.0,1,38.4
17685.0,3,109.65
17686.0,6,1718.7
17690.0,12,1823.65
17691.0,2,60.4
17692.0,1,15.9
17693.0,1,34.0
17694.0,1,47.6
17696.0,7,414.7
17697.0,1,104.2
17698.0,1,17.85
17700.0,4,278.9
17701.0,1,224.3
17702.0,1,16.5
17704.0,2,106.45
17705.0,6,326.8
17706.0,15,3657.9
17708.0,1,35.3
17709.0,1,109.85
17711.0,1,15.3
17712.0,1,160.0
17716.0,4,328.1
17718.0,1,46.35
17719.0,15,1632.1
17720.0,3,274.9
17722.0,3,400.8
17724.0,2,415.1
17725.0,10,366.85
17727.0,1,163.9
17728.0,3,371.45
17730.0,7,350.6
17731.0,3,447.6
17732.0,1,117.15
17733.0,2,217.23
17734.0,3,154.5
17735.0,12,530.3
17736.0,2,191.2
17738.0,4,602.55
17739.0,6,1314.1
17742.0,2,189.95
17746.0,1,35.45
17747.0,1,71.4
17749.0,2,221.2
17757.0,30,1163.95
17758.0,7,514.05
17759.0,3,99.1
17760.0,1,8.5
17761.0,1,234.9
17764.0,2,111.65
17765.0,3,128.0
17767.0,1,32.05
17768.0,2,472.15
17769.0,8,991.45
17770.0,4,775.1
17771.0,2,32.1
17772.0,2,72.25
17774.0,4,223.55
17777.0,1,24.8
17779.0,3,200.5
17781.0,2,125.85
17783.0,2,26.85
17785.0,1,8.5
17786.0,1,24.95
17787.0,4,321.5
17788.0,2,834.7
17789.0,1,34.25
17790.0,11,371.5
17793.0,1,110.55
17795.0,1,16.95
17796.0,4,196.05
17797.0,3,165.95
17799.0,9,627.8
17800.0,2,52.45
17802.0,2,365.2
17809.0,7,1783.75
17811.0,34,1814.55
17812.0,4,194.2
17813.0,4,667.45
17817.0,3,273.25
17819.0,7,1877.0
17827.0,5,319.3
17828.0,3,865.85
17829.0,1,81.3
17830.0,3,226.7
17832.0,1,5.95
17835.0,1,15.9
17837.0,8,567.1
17838.0,5,660.2
17839.0,1,11.9
17841.0,113,10082.23
17843.0,1,76.95
17846.0,1,2033.1
17848.0,7,453.35
17849.0,4,505.8
17850.0,17,1276.55
17854.0,1,191.25
17855.0,1,9.95
17856.0,2,27.75
17857.0,2,469.5
17858.0,10,2190.6
17860.0,1,31.8
17861.0,4,337.8
17862.0,1,70.9
17863.0,1,113.9
17864.0,2,67.15
17865.0,18,2587.0
17866.0,1,51.65
17867.0,4,285.25
17869.0,3,199.75
17870.0,8,297.96
17873.0,2,196.88
17874.0,4,326.55
17877.0,1,91.5
17878.0,1,31.8
17879.0,1,153.21
17880.0,1,47.7
17881.0,1,23.8
17883.0,4,182.9
17884.0,1,24.4
17885.0,1,46.3
17886.0,3,194.8
17887.0,1,64.3
17888.0,3,182.5
17889.0,2,102.95
17890.0,2,69.15
17892.0,1,43.9
17893.0,1,25.85
17894.0,7,324.45
17895.0,1,14.6
17897.0,3,222.2
17899.0,1,32.85
17900.0,1,15.0
17901.0,1,80.84
17904.0,1,101.35
17905.0,1,71.0
17906.0,1,16.95
17908.0,1,71.45
17911.0,1,42.0
17912.0,4,139.5
17913.0,2,39.7
17914.0,1,41.75
17917.0,2,30.65
17919.0,1,238.8
17920.0,16,738.85
17921.0,4,125.05
17924.0,1,643.8
17926.0,2,116.3
17928.0,2,100.3
17929.0,4,843.0
17931.0,2,79.75
17932.0,3,191.85
17934.0,1,29.45
17935.0,1,8.5
17936.0,1,65.6
17937.0,5,1562.7
17940.0,1,1867.86
17946.0,1,69.8
17949.0,16,22559.73
17950.0,3,105.45
17951.0,1,51.0
17954.0,10,245.45
17955.0,2,338.5
17956.0,1,12.75
17957.0,1,5.95
17958.0,1,372.3
17961.0,12,507.25
17962.0,1,9.95
17964.0,2,171.95
17965.0,12,623.5
17966.0,2,29.5
17967.0,1,27.85
17968.0,1,7.95
17969.0,2,76.45
17970.0,1,148.55
17972.0,1,75.35
17973.0,1,113.9
17974.0,3,64.9
17975.0,13,2380.4
17976.0,1,158.6
17977.0,1,111.2
17978.0,1,15.9
17979.0,2,107.2
17980.0,1,8.5
17984.0,1,26.95
17985.0,1,202.5
17988.0,6,133.65
17991.0,1,25.5
17994.0,2,57.7
17997.0,5,246.8
17999.0,2,88.85
18001.0,2,91.1
18004.0,1,59.45
18005.0,2,69.4
18006.0,1,29.5
18008.0,1,163.9
18009.0,1,119.1
18010.0,1,113.2
18011.0,1,9.95
18014.0,1,29.6
18016.0,5,362.4
18018.0,2,68.55
18019.0,1,9.95
18022.0,1,37.85
18024.0,1,26.95
18027.0,1,11.9
18030.0,2,112.65
18034.0,1,6.95
18035.0,1,31.9
18036.0,1,5.45
18037.0,3,36.85
18040.0,2,52.7
18041.0,10,381.8
18042.0,1,101.45
18043.0,3,170.45
18044.0,9,758.25
18045.0,1,39.2
18053.0,1,17.0
18055.0,10,1663.21
18056.0,1,69.95
18059.0,1,15.9
18061.0,10,764.1
18062.0,2,263.8
18065.0,12,826.65
18066.0,1,35.7
18067.0,1,84.25
18068.0,1,101.7
18069.0,5,335.55
18071.0,2,38.6
18073.0,8,340.5
18074.0,1,192.0
18075.0,10,587.45
18077.0,5,148.75
18078.0,2,79.6
18079.0,1,5.95
18081.0,2,37.75
18082.0,1,99.95
18085.0,1,17.85
18087.0,1,852.8
18088.0,1,34.0
18092.0,8,1436.1
18094.0,2,129.4
18095.0,2,29.85
18096.0,3,134.55
18097.0,4,366.7
18099.0,1,31.75
18101.0,1,72.2
18102.0,38,83504.39
18104.0,1,433.55
18105.0,1,9.95
18106.0,1,178.0
18108.0,1,95.2
18109.0,26,4864.7
18110.0,1,17.9
18112.0,2,148.7
18114.0,1,127.85
18116.0,7,381.6
18117.0,1,12.7
18118.0,24,1194.3
18119.0,1,32.35
18120.0,1,35.8
18121.0,1,55.95
18122.0,4,181.73
18125.0,3,52.35
18126.0,1,14.5
18127.0,2,83.15
18129.0,1,12.75
18130.0,2,107.85
18136.0,1,17.0
18138.0,1,84.85
18143.0,2,104.35
18144.0,6,463.1
18145.0,2,77.65
18146.0,1,17.85
18149.0,1,19.9
18150.0,1,13.5
18151.0,1,181.9
18154.0,2,63.25
18155.0,2,35.7
18156.0,2,92.0
18159.0,1,290.75
18160.0,2,147.95
18161.0,5,389.7
18164.0,1,93.6
18167.0,2,201.6
18168.0,6,301.2
18169.0,1,51.0
18170.0,3,285.45
18171.0,5,573.3
18172.0,11,1621.8
18173.0,2,83.3
18176.0,1,57.3
18177.0,1,27.25
18178.0,2,54.25
18179.0,3,225.25
18180.0,2,62.05
18181.0,1,84.1
18183.0,1,113.3
18185.0,1,90.0
18188.0,2,99.8
18189.0,2,240.55
18190.0,2,65.3
18191.0,1,99.0
18192.0,1,227.95
18193.0,1,34.85
18196.0,2,125.3
18198.0,8,292.1
18200.0,1,11.9
18202.0,2,365.0
18203.0,1,112.95
18204.0,3,421.9
18205.0,2,163.85
18209.0,1,35.7
18210.0,6,592.55
18211.0,2,96.9
18212.0,1,82.25
18213.0,1,11.9
18215.0,1,33.0
18216.0,1,180.6
18218.0,1,47.6
18219.0,10,707.75
18221.0,4,89.6
18222.0,1,81.85
18223.0,10,753.85
18224.0,1,41.65
18225.0,9,463.95
18226.0,8,272.25
18227.0,1,63.75
18228.0,2,115.8
18229.0,18,2932.2
18230.0,3,228.6
18231.0,4,637.6
18232.0,3,109.2
18233.0,1,440.0
18235.0,3,192.25
18236.0,5,154.45
18237.0,3,138.8
18239.0,3,278.4
18240.0,1,107.1
18241.0,9,411.4
18242.0,3,365.85
18245.0,5,315.4
18246.0,1,159.2
18248.0,2,280.3
18250.0,1,67.95
18252.0,2,165.8
18257.0,4,336.1
18260.0,6,548.2
18261.0,1,9.95
18265.0,2,283.25
18268.0,1,25.5
18270.0,2,91.45
18272.0,3,153.9
18274.0,1,12.75
18276.0,1,111.5
18277.0,1,49.0
18280.0,1,61.45
18281.0,1,33.9
18282.0,2,64.5
18283.0,3,54.8
18287.0,1,34.0
